{
  "risk_probability": {
    "edges": [
      0.005939343012869358,
      0.14604084491729738,
      0.20692215859889984,
      0.26190680265426636,
      0.3183304846286774,
      0.37610316276550293,
      0.44002599716186525,
      0.5114542722702027,
      0.5942857503890991,
      0.698797380924225,
      0.9557863473892212
    ],
    "ref_props": [
      0.10001138155862316,
      0.0999951221891615,
      0.0999951221891615,
      0.0999951221891615,
      0.0999951221891615,
      0.10001138155862316,
      0.0999951221891615,
      0.0999951221891615,
      0.0999951221891615,
      0.10001138155862316
    ]
  },
  "amt_income_total": {
    "edges": [
      26100.0,
      81000.0,
      99000.0,
      112500.0,
      135000.0,
      146250.0,
      166500.0,
      182700.0,
      225000.0,
      270000.0,
      1575000.0
    ],
    "ref_props": [
      0.08939401330016422,
      0.1053769734809684,
      0.030957839454985935,
      0.1449685381200917,
      0.1291644310033657,
      0.09923093182446385,
      0.10088938750955238,
      0.07814252963270084,
      0.09752369803099036,
      0.12435165764271662
    ]
  },
  "amt_credit": {
    "edges": [
      45000.0,
      180000.0,
      254700.0,
      306000.0,
      427500.0,
      512064.0,
      604152.0,
      753840.0,
      900000.0,
      1129500.0,
      4050000.0
    ],
    "ref_props": [
      0.08386582768320244,
      0.11269368973871194,
      0.10310066175633709,
      0.09973497227777507,
      0.10035282831731786,
      0.09994634408077654,
      0.10022275336162463,
      0.0891989008666244,
      0.10989707819130774,
      0.10098694372632229
    ]
  },
  "amt_annuity": {
    "edges": [
      2299.5,
      11101.5,
      14751.0,
      18265.5,
      21888.0,
      24939.0,
      28071.0,
      31936.5,
      37638.0,
      45895.5,
      230161.5
    ],
    "ref_props": [
      0.09981951512983529,
      0.0992991983870181,
      0.1004373912619307,
      0.09944553747093543,
      0.10077884912440448,
      0.10020975268694818,
      0.09999837401017869,
      0.09993333441732655,
      0.10006341360303085,
      0.10001463390839173
    ]
  }
}